participant,text_id,augmented,score,reading_time,fixation_count,fixation_duration_mean,gaze_dispersion,gaze_valid_ratio,text_gaze_ratio
dario,41,False,9,155.8914189338684,1724.0,1.84597233014229,0.3604682754601049,1.0,0.9106659447753112
dario,42,False,9,107.5927438735962,1173.0,1.9336811327466776,0.3744708041458006,1.0,0.9252782193958664
dario,43,False,10,144.221351146698,1633.0,1.861123481266935,0.3428186142658591,1.0,0.90375854214123
dario,44,False,10,101.50167393684389,1147.0,2.1913106053374536,0.3737970976463005,1.0,0.9308380797396256
dario,45,False,7,154.44770789146423,1789.0,2.0349398700284285,0.361943306593879,1.0,0.9161425576519916
dario,46,False,10,95.4547848701477,1065.0,1.969918468263414,0.3727722773630529,1.0,0.9082167832167832
dario,47,False,8,148.12618613243103,1662.0,1.6869505128742737,0.3777988764128246,1.0,0.9080267558528428
dario,48,False,8,109.832946062088,1252.0,2.0087260872709987,0.3911458071123355,1.0,0.9246268656716418
dario,49,False,8,149.54319787025452,1705.0,2.1835723146796227,0.3533764201812461,1.0,0.9384615384615383
dario,50,False,10,99.09763407707214,1123.0,1.9211611996094389,0.3737499442945667,1.0,0.900497512437811
kushal,39,False,8,120.40902304649352,647.0,0.9969816948603658,0.4103610892632547,1.0,0.0568603213844252
kushal,40,False,9,130.35541605949402,856.0,2.326702311353864,0.3234538352412871,1.0,0.3912111468381565
kushal,41,False,9,121.76278305053712,779.0,2.49382409842118,0.3537125491327512,1.0,0.7900943396226415
kushal,42,False,10,76.90127801895142,508.0,2.3393532276153564,0.3310923998582248,1.0,0.8496376811594203
kushal,43,False,8,105.06360507011414,1074.0,2.0991571456828018,0.323702133010039,1.0,0.8801399825021873
kushal,44,False,10,60.38384222984314,512.0,4.948532342910767,0.1412921384473645,1.0,0.0
kushal,45,False,8,130.1663429737091,295.0,13.935245143042671,0.1029978444424557,1.0,0.0
kushal,46,False,7,56.7989490032196,334.0,2.469195008277893,0.3458309062149792,1.0,0.8159340659340659
kushal,47,False,10,102.28500699996948,558.0,2.138013168822887,0.3922924870130959,1.0,0.5896607431340872
kushal,48,False,9,105.67139887809752,939.0,1.4976186640560627,0.3430403910727345,1.0,0.7002909796314258
kushal,49,False,9,114.92637586593628,1114.0,1.4608685130804355,0.3276203564314275,1.0,0.7194127243066885
kushal,50,False,9,68.75013017654419,841.0,3.4825316479331567,0.1782993401640398,1.0,0.970183486238532
kushal,51,False,8,110.6218991279602,753.0,1.6542677650084865,0.3489407009080132,1.0,0.5218446601941747
kushal,52,False,10,84.42862105369568,524.0,1.7029023577527302,0.3275380354712875,1.0,0.4860627177700348
kushal,53,False,8,111.96535897254944,740.0,2.7382939962240367,0.3899493877406551,1.0,0.80875
kushal,54,False,10,62.6595139503479,573.0,1.5881206103733607,0.1129058824912293,1.0,0.0
kushal,55,False,8,117.20725107192992,783.0,2.6413431384346704,0.3855009190019365,1.0,0.890625
kushal,56,False,10,77.23150300979614,423.0,1.590343096039512,0.3782312627282191,1.0,0.6536082474226804
kushal,57,False,7,106.15121603012084,459.0,1.9938169970656887,0.3835446010864741,1.0,0.6992031872509961
kushal,58,False,10,86.83644604682922,311.0,2.6973954477617816,0.4168734476178269,1.0,0.5417867435158501
kushal,59,False,7,104.76636600494383,803.0,1.4205603823065758,0.3653704009957295,1.0,0.5301339285714286
sudhin,64,False,10,171.10565495491028,1901.0,2.0803797709477414,0.2951528956786671,1.0,0.8054455445544555
sudhin,65,False,7,173.77769303321838,1132.0,2.3138456561348657,0.3709579608354141,1.0,0.6655844155844156
sudhin,66,False,9,132.86223697662354,1454.0,1.6275170163104409,0.2820622022900643,1.0,0.7602827763496144
sudhin,67,False,8,159.84450912475586,1635.0,3.2561465425694243,0.3525323846937919,1.0,0.8834212067955477
sudhin,68,False,10,112.03979396820068,566.0,5.446399176120758,0.3414745924557445,1.0,0.8013468013468014
sudhin,69,False,6,108.71756505966188,884.0,1.322437410923972,0.3305831467906089,1.0,0.6157786885245902
sudhin,70,False,10,125.14768314361572,1337.0,1.494511414796878,0.3169261048600419,1.0,0.7294853963838664
sudhin,71,False,10,153.63082885742188,605.0,5.19174542597362,0.3533669594849585,1.0,0.3608087091757387
sudhin,72,False,9,121.50953078269958,368.0,4.285798408367016,0.4387679014872722,1.0,0.4485294117647059
sudhin,73,False,9,112.17784285545348,961.0,2.378043971410612,0.3552941272424906,1.0,0.7958783120706575
sudhin,74,False,9,98.2996950149536,853.0,4.340951681137085,0.3633130463370464,1.0,0.8386004514672686
sudhin,75,False,10,141.9452929496765,1243.0,3.1727782016576724,0.2853618040376296,1.0,0.8463901689708141
sudhin,76,False,10,136.5437479019165,1030.0,2.2756686082908084,0.3847682894814141,1.0,0.6193433895297249
sudhin,77,False,9,132.88598108291626,361.0,6.4943035025345655,0.4722257252449717,1.0,0.4739583333333333
sudhin,78,False,9,91.1623239517212,518.0,2.002880055729936,0.3646534297835464,1.0,0.4653979238754325
sudhin,79,False,7,111.1846239566803,603.0,2.690170074120546,0.3616441284667308,1.0,0.8228228228228228
dario,41_aug1,True,9,156.58492131819096,1687.0,1.96824481606787,0.36599045543647013,1.0,0.8831911158284046
dario,41_aug2,True,9,155.17168575714143,1723.0,1.7069842091145737,0.3656313373987624,1.0,0.9120591337413322
dario,41_aug3,True,9,156.95541850949493,1693.0,1.9060536189838928,0.354838548759002,1.0,0.9096125524763715
dario,41_aug4,True,9,154.34169857365632,1768.0,1.8207945383992306,0.3579535061075563,1.0,0.9218971949546244
dario,41_aug5,True,9,156.83075272657925,1739.0,2.1949151762571244,0.35808215909143626,1.0,0.8934960642846086
dario,41_aug6,True,9,158.4608350541168,1720.0,1.7090839867313754,0.35562763708526957,1.0,0.9263479464580857
dario,41_aug7,True,9,154.37679241812972,1732.0,1.8649841779954237,0.361752225164863,1.0,0.9153836119045357
dario,41_aug8,True,9,156.04522142455457,1734.0,1.9488293595402877,0.35191312072101927,1.0,0.9007415002959653
dario,41_aug9,True,9,155.2652255895132,1777.0,1.7049007674622367,0.36615316587550184,1.0,0.9036001686152263
dario,41_aug10,True,9,157.2255961479203,1749.0,1.975233951940143,0.3584208643913424,1.0,0.9287684724636109
dario,41_aug11,True,9,152.98809790048392,1684.0,1.6961641649643258,0.3633871720102351,1.0,0.9252345713689425
dario,41_aug12,True,9,156.2522377427782,1746.0,1.7955698914021898,0.36315006335474015,1.0,0.903005831649336
dario,41_aug13,True,9,153.169820111276,1741.0,1.7694916857558236,0.36054163008531886,1.0,0.9200873552768826
dario,41_aug14,True,9,155.6672768595761,1709.0,1.8329836856101291,0.3505617116030369,1.0,0.8827581598608161
dario,41_aug15,True,9,156.80126087527466,1692.0,1.7843575631531148,0.36809621680824406,1.0,0.9262268670464188
dario,41_aug16,True,9,155.42386576512112,1690.0,1.790733005809134,0.3654018357880408,1.0,0.9198318971144585
dario,41_aug17,True,10,154.5391993232941,1672.0,1.8577245323721572,0.3573595536627976,1.0,0.9111270056023443
dario,41_aug18,True,9,155.3466719886452,1688.0,1.875182061134109,0.3617599051182499,1.0,0.9282860490022832
dario,41_aug19,True,9,159.22173453306192,1682.0,1.7417363575418998,0.35502822543372997,1.0,0.8816190920039715
dario,42_aug1,True,10,107.0869895837061,1121.0,1.7682108401984487,0.3763114854519688,1.0,0.9674074645676203
dario,42_aug2,True,9,108.5358939270631,1138.0,1.5863026485625613,0.3760425735849847,1.0,0.9165145507809377
dario,42_aug3,True,9,107.27231938180422,1211.0,1.9592693640132794,0.3735394380150253,1.0,0.8899438993550589
dario,42_aug4,True,9,107.47034073407572,1236.0,1.9549070161649023,0.38024059792519777,1.0,0.900276960258824
dario,42_aug5,True,9,105.94220953094059,1249.0,1.7998509893127739,0.3793936852730418,1.0,0.944933581076336
dario,42_aug6,True,8,107.23625333624693,1172.0,1.826995288655783,0.37708975309860493,1.0,0.8994190282947978
dario,42_aug7,True,9,107.98553489319384,1229.0,1.9597488802940002,0.37377426282604204,1.0,0.9528336940970598
dario,42_aug8,True,8,106.65751892789928,1212.0,2.003539260603962,0.3834874309018225,1.0,0.8994430123295475
dario,42_aug9,True,9,111.35007332250593,1234.0,1.9044317150601888,0.3722210606511764,1.0,0.9019205405272707
dario,42_aug10,True,9,109.05688453277749,1159.0,1.932846616951457,0.3735112092494769,1.0,0.9549748343262047
dario,42_aug11,True,9,109.05827737390143,1100.0,1.9257433479212225,0.36952008758911065,1.0,0.9067499858124457
dario,42_aug12,True,9,109.67723679878073,1126.0,1.9386719819425478,0.3716281813008982,1.0,0.9464355172800889
dario,42_aug13,True,9,110.6365141048136,1167.0,1.820289837395256,0.3731564993940198,1.0,0.9290037601485281
dario,42_aug14,True,8,107.79868861212655,1181.0,2.3438581176625184,0.38549000734420946,1.0,0.919214686173956
dario,42_aug15,True,9,106.24836001775891,1184.0,2.130153229416362,0.3701902564070688,1.0,0.8799723314743202
dario,42_aug16,True,10,105.17480613161916,1154.0,1.7908124855164307,0.3739173762098562,1.0,0.8943248700595589
dario,42_aug17,True,9,104.66271241469741,1134.0,2.2329730584485343,0.39152683811391176,1.0,0.9175084940666706
dario,42_aug18,True,9,111.52706858927749,1138.0,1.8937175320043478,0.37903465597077063,1.0,0.9173416609875025
dario,42_aug19,True,9,104.46363302077464,1165.0,1.8902780962735757,0.37583390430601943,1.0,0.9352272626579753
dario,43_aug1,True,10,144.5750911123691,1646.0,1.8697841863532927,0.34281910974887203,1.0,0.9104362894535835
dario,43_aug2,True,10,148.98517079934646,1689.0,1.9239902172126337,0.33833860436248425,1.0,0.9288905986011616
dario,43_aug3,True,10,145.31410444866972,1571.0,2.0122328529580558,0.3454865762346735,1.0,0.8938097882554262
dario,43_aug4,True,9,144.340759779083,1623.0,1.8442619346783395,0.3413392217177632,1.0,0.9348057134733524
dario,43_aug5,True,10,143.68230613058907,1639.0,1.9093503628287392,0.3406350545191458,1.0,0.9106789550051346
dario,43_aug6,True,10,140.73045217120585,1664.0,1.8075962220061583,0.34245857091243725,1.0,0.8967018144955488
dario,43_aug7,True,10,145.54741005971383,1695.0,2.0529615107458894,0.3453965502909067,1.0,0.9130209071850935
dario,43_aug8,True,10,143.5463884450244,1635.0,1.74749084919816,0.3486285925622164,1.0,0.9202654382497952
dario,43_aug9,True,10,146.88698003958794,1660.0,2.1577649323437122,0.3471090892287343,1.0,0.9023458897663948
dario,43_aug10,True,10,143.04180352594435,1687.0,1.9649981160941867,0.3387151011845066,1.0,0.9044502151322042
dario,43_aug11,True,10,142.69391007590363,1644.0,2.0493607383515933,0.3463927334665013,1.0,0.910180409305601
dario,43_aug12,True,10,145.1633196769334,1691.0,1.5249560201829113,0.3393481677971936,1.0,0.8703883075772659
dario,43_aug13,True,10,145.05969007208662,1663.0,1.7680985101457922,0.34759632862821177,1.0,0.908672061156884
dario,43_aug14,True,10,144.83662247044018,1602.0,1.8370863439032947,0.3419231342845511,1.0,0.9248539441315597
dario,43_aug15,True,10,143.93684441455702,1686.0,1.7399691920207094,0.3379910755522359,1.0,0.9215743183469126
dario,43_aug16,True,9,147.24591852205327,1664.0,1.9982828766491663,0.3460719056076031,1.0,0.8994298130540742
dario,43_aug17,True,9,147.8724567088431,1617.0,1.8787006537550188,0.35050715971514884,1.0,0.8773498996090646
dario,43_aug18,True,10,142.41398474946965,1649.0,1.9465304350979669,0.34444065655012474,1.0,0.8550174151025491
dario,43_aug19,True,10,143.14764105319716,1649.0,1.9754941630143539,0.3436302480160039,1.0,0.9085946981883108
dario,44_aug1,True,10,99.89791549848375,1141.0,2.223371720894905,0.37861452895966363,1.0,0.941834245113531
dario,44_aug2,True,10,101.23416095934294,1177.0,1.8665773681458366,0.3661853369612141,1.0,0.8816008560061123
dario,44_aug3,True,10,103.20730263600377,1137.0,2.2235369315070925,0.3801920377768648,1.0,0.9293793308341692
dario,44_aug4,True,10,101.71134402601386,1117.0,2.094463789575801,0.3651046717648223,1.0,0.923284246175861
dario,44_aug5,True,9,105.41795582608249,1098.0,2.255314755577198,0.367687926416286,1.0,0.9280722680478517
dario,44_aug6,True,10,103.61437525811877,1125.0,2.1043211918392966,0.36751643960933106,1.0,0.9398661873117042
dario,44_aug7,True,10,102.24967231751495,1160.0,2.406488600376144,0.3717845547712696,1.0,0.9533555231405528
dario,44_aug8,True,10,104.03836311253848,1161.0,2.1699441102133132,0.37584480709656676,1.0,0.974660520855527
dario,44_aug9,True,10,101.86625001673073,1185.0,2.053525393847799,0.37575259790092413,1.0,0.9374612636934317
dario,44_aug10,True,10,97.88399406297594,1073.0,2.009253019191339,0.37110415432192845,1.0,0.9717119335653682
dario,44_aug11,True,10,99.31206092382807,1159.0,2.1249845494887905,0.37212755990470586,1.0,0.9439020393842944
dario,44_aug12,True,10,103.92288240704539,1106.0,2.192343441207132,0.38904838401517067,1.0,0.9610776305893481
dario,44_aug13,True,10,102.82345839571222,1145.0,2.1635457637515576,0.36922065329524967,1.0,0.9128714027250393
dario,44_aug14,True,9,103.97166717077776,1160.0,2.1446715374800283,0.37646238966537177,1.0,0.9505772916596937
dario,44_aug15,True,9,100.73786867140203,1076.0,1.9477174105456263,0.3818045133666097,1.0,0.9156576869934586
dario,44_aug16,True,9,94.75473405709367,1128.0,2.585673572806706,0.37635036078073625,1.0,0.9406508583429395
dario,44_aug17,True,10,100.82499883510104,1151.0,2.1772820571829543,0.3784400250858278,1.0,0.944939164061348
dario,44_aug18,True,10,103.54500254486295,1205.0,2.033242240398931,0.3685853189247878,1.0,0.9268008918736198
dario,44_aug19,True,10,100.49451158285821,1199.0,2.21273384748111,0.3753131932563338,1.0,0.9232050445601907
dario,45_aug1,True,6,153.4268253467768,1805.0,1.7798276719456414,0.3656859826615525,1.0,0.9403603834974744
dario,45_aug2,True,7,152.65757114920854,1729.0,1.9003206817829872,0.3633973858891132,1.0,0.9107965163964323
dario,45_aug3,True,7,154.91059704072615,1753.0,2.150108269054633,0.3658339062399318,1.0,0.9278849181040216
dario,45_aug4,True,7,159.07930973292508,1786.0,1.9849061986829568,0.357519246406023,1.0,0.8898853102345617
dario,45_aug5,True,7,154.28684715717247,1801.0,2.0432725459831977,0.3574487476267476,1.0,0.9317435071259965
dario,45_aug6,True,7,152.96174293192675,1809.0,2.065566775493715,0.35344115972848006,1.0,0.9216712801336214
dario,45_aug7,True,6,154.87977046467725,1737.0,2.2526472932701522,0.3692701861789879,1.0,0.9238111207875006
dario,45_aug8,True,7,151.8159884612764,1779.0,1.8602551330257915,0.36613762292620455,1.0,0.8913170339954052
dario,45_aug9,True,6,154.9835623468147,1846.0,1.8357760246497707,0.36340543063917763,1.0,0.8812919093208228
dario,45_aug10,True,7,153.48362608865838,1770.0,2.167338592390636,0.36336212280358,1.0,0.9270172585534651
dario,45_aug11,True,6,157.34820885568416,1767.0,1.9312148927372967,0.3651203619242431,1.0,0.9255970555230494
dario,45_aug12,True,6,155.6722147922215,1752.0,2.0732738685663166,0.35358437322777536,1.0,0.8991240384633383
dario,45_aug13,True,7,156.07228360289778,1798.0,1.9349034249851627,0.3704633697458713,1.0,0.9168200010041452
dario,45_aug14,True,6,153.03741673499874,1806.0,1.9480234323238126,0.3595265235051315,1.0,0.8941871178323272
dario,45_aug15,True,7,158.11402238861848,1880.0,1.9689085533583655,0.3505718740289702,1.0,0.9101035080846244
dario,45_aug16,True,7,151.91375980305614,1810.0,2.1203988859123486,0.35316945334750505,1.0,0.9594523843415084
dario,45_aug17,True,8,153.67999311690997,1784.0,2.135184862374584,0.351782304465004,1.0,0.9079041157437221
dario,45_aug18,True,7,154.05131000567766,1848.0,1.855105232294243,0.3653911829125846,1.0,0.8978064339793055
dario,45_aug19,True,7,157.20726670929093,1777.0,1.7592650755004549,0.3618401929143927,1.0,0.9089194684528862
dario,46_aug1,True,10,91.572909001604,1007.0,2.048462563724067,0.3697033266922951,1.0,0.9247762940539386
dario,46_aug2,True,10,93.83008469588727,1018.0,2.1060982888962005,0.3748233611205171,1.0,0.9170823887762084
dario,46_aug3,True,10,95.07487535659627,1094.0,2.07176482669285,0.3801213206109598,1.0,0.8990300729527235
dario,46_aug4,True,10,97.25456215734798,1118.0,1.8951586863426277,0.37027837456909635,1.0,0.9030314342391607
dario,46_aug5,True,10,90.32998871081784,1036.0,1.8424378396537984,0.3591491600098947,1.0,0.8889078034562526
dario,46_aug6,True,10,97.98777219123292,1056.0,1.8019659660779748,0.37243788971106956,1.0,0.887624920581352
dario,46_aug7,True,10,96.7259805488728,1057.0,2.0754144194647774,0.3726921552416504,1.0,0.886377555998043
dario,46_aug8,True,10,94.97527769112263,1022.0,1.7151779382409496,0.3767984007391614,1.0,0.8866475788743395
dario,46_aug9,True,10,98.02203107690119,984.0,1.7260681896983592,0.36735388887677545,1.0,0.9141791171173052
dario,46_aug10,True,10,92.85990467320346,1025.0,2.0428816358634307,0.3731144136752277,1.0,0.9042570922933099
dario,46_aug11,True,10,95.8146464259127,1093.0,2.1014059112141084,0.3632617944203944,1.0,0.9293527197783591
dario,46_aug12,True,10,93.13195971673848,999.0,1.986054405983831,0.3782373518286468,1.0,0.9191102025990086
dario,46_aug13,True,10,93.42211831899881,1065.0,1.9211586828192584,0.3668126792982078,1.0,0.9458822481007582
dario,46_aug14,True,10,93.35903117298157,1095.0,2.0741340542868545,0.3753705213137554,1.0,0.9216225489932522
dario,46_aug15,True,10,96.90431315541682,1077.0,1.6793112069606677,0.37326322777957543,1.0,0.8812132777821653
dario,46_aug16,True,10,99.38978711010472,1113.0,2.011500891071062,0.38070197626470553,1.0,0.9124956253152052
dario,46_aug17,True,10,96.35829318824771,1067.0,1.7576748027037852,0.3724716923413161,1.0,0.9461437244064553
dario,46_aug18,True,10,95.48083342412423,1074.0,1.9771220777848468,0.3715809424934421,1.0,0.905029723001591
dario,46_aug19,True,10,92.60920493712412,1083.0,2.0336679870758294,0.3622822810119732,1.0,0.9292251965082164
dario,47_aug1,True,9,150.4608773713999,1663.0,1.549265619375572,0.3714363371206766,1.0,0.9160292271037296
dario,47_aug2,True,8,150.6296182040212,1657.0,1.4842296075553687,0.3759253593335313,1.0,0.9037629791839195
dario,47_aug3,True,8,148.70172401262445,1644.0,1.5846184734135083,0.37962745723793956,1.0,0.9131771412620938
dario,47_aug4,True,8,145.53297170001358,1645.0,1.9212103310109332,0.37097615373959136,1.0,0.8687434797442949
dario,47_aug5,True,8,148.19655043905183,1658.0,1.884780844277905,0.3621063115851202,1.0,0.9409717125808821
dario,47_aug6,True,8,147.26178850260405,1635.0,1.5412329566325278,0.37588334898574893,1.0,0.9467939798433234
dario,47_aug7,True,9,152.4618925581965,1663.0,1.9726828330815769,0.37725110768839787,1.0,0.9157379420352441
dario,47_aug8,True,8,150.06361798354368,1637.0,1.8448312373201825,0.3756745096826426,1.0,0.9271974360950115
dario,47_aug9,True,8,148.760194114801,1662.0,1.7417906621612964,0.380293907460198,1.0,0.9220908460602356
dario,47_aug10,True,8,144.843672758967,1660.0,1.7006337025382567,0.37372720990360164,1.0,0.8797080540774772
dario,47_aug11,True,7,146.7950772643902,1660.0,1.7323864179807136,0.37188140346520465,1.0,0.9093560497667186
dario,47_aug12,True,8,143.66864855388852,1662.0,1.650947874188342,0.3771916832336817,1.0,0.9127858677688078
dario,47_aug13,True,7,145.59743422052705,1620.0,1.5088131113048409,0.37949514441700694,1.0,0.898925877501408
dario,47_aug14,True,8,144.24808676878106,1632.0,1.5960786508163234,0.37540117271344053,1.0,0.9014491856568482
dario,47_aug15,True,8,146.58764548445959,1631.0,1.7649746440516845,0.36878291850835765,1.0,0.91019053678012
dario,47_aug16,True,8,151.74092695417377,1640.0,2.0226389366726867,0.3764753385283218,1.0,0.9095019967990784
dario,47_aug17,True,9,146.4152729361401,1676.0,1.7774725927837802,0.3741460474724966,1.0,0.9324491396246298
dario,47_aug18,True,8,149.33107251566202,1711.0,1.380508334357683,0.3759324049764654,1.0,0.9105423154383379
dario,47_aug19,True,8,147.74802925438897,1729.0,1.6592977334063135,0.38022830589124357,1.0,0.9096242388608762
dario,48_aug1,True,8,110.85328207000767,1294.0,2.27713922394323,0.3929636276054957,1.0,0.9003446485392826
dario,48_aug2,True,8,111.97294092675287,1283.0,2.043204076272127,0.3963499434034329,1.0,0.9499522597173823
dario,48_aug3,True,8,109.02341602147843,1264.0,1.5312385949764868,0.3933937799629585,1.0,0.88826332127152
dario,48_aug4,True,8,110.91975003856803,1211.0,1.8927019042464772,0.3991924347097977,1.0,0.9719504885669988
dario,48_aug5,True,7,110.76159128862099,1310.0,2.030074592423839,0.3852609128959776,1.0,0.9238755108236042
dario,48_aug6,True,8,109.2507005522399,1226.0,2.1593335104951605,0.3913490180081297,1.0,0.9223865214136239
dario,48_aug7,True,8,111.23674698625545,1216.0,1.8390181704049582,0.3976315250403992,1.0,0.8947327581897366
dario,48_aug8,True,7,110.88752451094201,1197.0,2.0461159934780886,0.39546451283579287,1.0,0.9379611126571401
dario,48_aug9,True,9,110.58635685540942,1241.0,1.9300641393421527,0.39625695435278807,1.0,0.962486477236554
dario,48_aug10,True,8,109.58320319679292,1265.0,2.1336660424893967,0.3918572588960745,1.0,0.9420073237985793
dario,48_aug11,True,8,108.17316962409501,1237.0,2.112010349022669,0.39116338112126836,1.0,0.9387649414617751
dario,48_aug12,True,8,111.55408327251116,1266.0,1.807535567975664,0.3996137694958952,1.0,0.8897058265943139
dario,48_aug13,True,8,107.50916016205875,1254.0,1.9641070870319066,0.38916822203531787,1.0,0.9317979333799166
dario,48_aug14,True,8,110.76567032076669,1274.0,1.6652731129076466,0.3890061418833463,1.0,0.925387698041823
dario,48_aug15,True,8,112.21246192656523,1294.0,2.0417646237834925,0.3882081209814383,1.0,0.9134882732524676
dario,48_aug16,True,8,112.077283293301,1232.0,2.139996888927134,0.39512292023274637,1.0,0.9451751652295451
dario,48_aug17,True,8,110.0649181129297,1225.0,1.8687339646646013,0.3879891189392913,1.0,0.9044640249316758
dario,48_aug18,True,8,107.0068477655406,1245.0,2.026591211082967,0.40550148991793544,1.0,0.9556850632615593
dario,48_aug19,True,8,110.76872788875933,1256.0,2.0811863004365847,0.39024350151742676,1.0,0.9149957306855042
dario,49_aug1,True,8,148.07668954519795,1703.0,2.008915352547926,0.3560479246864493,1.0,0.9368293918969797
dario,49_aug2,True,9,147.00645289318618,1697.0,1.924055220440262,0.3480167926603828,1.0,0.9662915433077818
dario,49_aug3,True,8,148.20819506886065,1756.0,2.2232873846212557,0.35248842522270696,1.0,0.9397679211753931
dario,49_aug4,True,8,148.61387673654426,1655.0,1.932066431413059,0.3572117073776013,1.0,0.9258845930643055
dario,49_aug5,True,8,151.35237579102017,1711.0,2.076679996491448,0.3605761484793952,1.0,0.9488962438442781
dario,49_aug6,True,8,152.36976151321718,1745.0,2.2836286986390384,0.35688939491301336,1.0,0.9153086899131669
dario,49_aug7,True,8,146.4575151693312,1677.0,2.3959647291328463,0.3583094639976998,1.0,0.9327294506950444
dario,49_aug8,True,8,148.995989392205,1709.0,2.1964421012306117,0.3600324083660958,1.0,0.9458891525848058
dario,49_aug9,True,9,150.56807020847955,1705.0,2.061403756131745,0.3519918347731972,1.0,0.9327615056100377
dario,49_aug10,True,9,149.31914565308782,1696.0,1.8418305143772318,0.3481264104288435,1.0,0.9239906572493648
dario,49_aug11,True,9,149.16781772879898,1751.0,2.19362597178701,0.3535949897376711,1.0,0.938541635992938
dario,49_aug12,True,8,144.2640203098809,1634.0,2.0950724253242288,0.35346171529952614,1.0,0.9484432573983504
dario,49_aug13,True,8,151.86242865167827,1742.0,2.2135612183010775,0.35902831024074106,1.0,0.9266147461904616
dario,49_aug14,True,8,149.79494110797359,1705.0,2.4235635305388232,0.33898702543041603,1.0,0.9134154086916466
dario,49_aug15,True,8,148.96373782507737,1651.0,2.023058583322648,0.3483223047151645,1.0,0.9764766904125153
dario,49_aug16,True,7,148.71572249890082,1664.0,1.872676882173137,0.3526902011324438,1.0,0.9366712677414246
dario,49_aug17,True,8,147.80902824623175,1710.0,2.2432395630510906,0.35582745332238325,1.0,0.9564946468886696
dario,49_aug18,True,8,150.98351251579808,1705.0,1.9593147986018464,0.3515199815945315,1.0,0.9513945625877549
dario,49_aug19,True,8,153.02935727340613,1741.0,2.1417551558682395,0.35778048465297196,1.0,0.9798260191461919
dario,50_aug1,True,10,96.9889471526007,1176.0,1.748733391356302,0.36598513020266216,1.0,0.9093639221001436
dario,50_aug2,True,10,97.61702320265582,1099.0,1.805098723902311,0.3685862268216898,1.0,0.9067747313216574
dario,50_aug3,True,9,97.98454783152182,1116.0,1.804900449234474,0.358181413586297,1.0,0.8622950693350145
dario,50_aug4,True,10,96.3771292091954,1170.0,1.9139211276093155,0.3813270150078469,1.0,0.91700880735845
dario,50_aug5,True,10,100.29008852135053,1149.0,1.8272069247443052,0.3770350798910198,1.0,0.8889024411106213
dario,50_aug6,True,10,96.40268890964946,1126.0,1.9744415592151012,0.36909692021718193,1.0,0.912535336250252
dario,50_aug7,True,10,102.62954165624383,1169.0,1.7580188216596493,0.3836345018298172,1.0,0.9225433990779959
dario,50_aug8,True,10,98.15962765850408,1059.0,1.8932078573028626,0.36459459886493595,1.0,0.9325004878979608
dario,50_aug9,True,10,99.78488610147963,1097.0,1.8187609492673613,0.37829710524048865,1.0,0.9372025382257257
dario,50_aug10,True,10,101.37201308421459,1126.0,2.050818872273648,0.3711246224867702,1.0,0.8980605888527179
dario,50_aug11,True,10,100.604458450745,1146.0,2.017870230768902,0.3827736731358843,1.0,0.8925865130987274
dario,50_aug12,True,10,97.67838785295406,1124.0,1.8234428449901818,0.3832615915693448,1.0,0.8958972918318622
dario,50_aug13,True,10,94.15755338532504,1051.0,2.050828753359981,0.37410496255920755,1.0,0.8725117348530208
dario,50_aug14,True,10,103.65739998926115,1152.0,1.9488118200207427,0.37117220065962697,1.0,0.8555733314845698
dario,50_aug15,True,9,101.0218601562573,1067.0,1.813395247462987,0.3669543161957429,1.0,0.9016259271770927
dario,50_aug16,True,9,100.4956456816819,1150.0,1.8802485622078475,0.3591853761980769,1.0,0.9265106462410013
dario,50_aug17,True,10,98.30670921274111,1081.0,2.052251417636146,0.36978626089955746,1.0,0.9124282241492491
dario,50_aug18,True,10,98.63576065031396,1136.0,1.6791981963055633,0.3807390199299322,1.0,0.8886660985210771
dario,50_aug19,True,10,95.54068209792126,1131.0,2.0787923778935564,0.3754697975554071,1.0,0.8978852464899763
kushal,39_aug1,True,8,116.13492824360968,609.0,1.1397986642943865,0.4119468553168173,1.0,0.09609400729168871
kushal,39_aug2,True,8,121.90630342283582,744.0,0.9621460986669971,0.4056766139220509,1.0,0.06612264150091093
kushal,39_aug3,True,8,118.05940157071082,729.0,1.0502349428479858,0.40606174483783447,1.0,0.05455745580120194
kushal,39_aug4,True,8,121.68869393867601,601.0,1.0544359371467076,0.4215923002058456,1.0,0.04892258073904163
kushal,39_aug5,True,8,119.47513463391412,638.0,0.9354249351171354,0.4157408750492141,1.0,0.07504775546128656
kushal,39_aug6,True,8,121.26691453178711,607.0,1.2134581617238203,0.41767437703075005,1.0,0.024900343407412193
kushal,39_aug7,True,8,121.33042846560149,590.0,0.9930228744443989,0.41250131951105484,1.0,0.06060037850416114
kushal,39_aug8,True,8,123.76279965434236,691.0,0.5298468052856465,0.40849736548040144,1.0,0.019892600474897396
kushal,39_aug9,True,8,123.25105767515936,608.0,1.0517921599128028,0.4049841683772409,1.0,0.08803201251622411
kushal,40_aug1,True,8,131.40736058275758,789.0,2.630133366014137,0.32699208754195824,1.0,0.4033546660917644
kushal,40_aug2,True,9,133.04672528837315,844.0,2.2934528648261847,0.3205672600328879,1.0,0.40586807864237623
kushal,40_aug3,True,10,131.83872277274116,856.0,2.4103189636126587,0.32099471881206043,1.0,0.35812921015810495
kushal,40_aug4,True,9,133.46862218293188,826.0,2.6899222351732286,0.3292984904907833,1.0,0.391802390050937
kushal,40_aug5,True,9,129.87882472117062,870.0,2.555000340660201,0.3245183550195181,1.0,0.4086058242991826
kushal,40_aug6,True,9,131.8453487677751,883.0,2.2825594594713174,0.3179996168471804,1.0,0.35670432749141123
kushal,40_aug7,True,9,130.16549585487962,840.0,1.8451375365616127,0.31613066923762984,1.0,0.37718812960499404
kushal,40_aug8,True,9,127.19036977358273,907.0,2.303235602079046,0.32515670080905335,1.0,0.42320668366880093
kushal,40_aug9,True,9,129.00531250452622,844.0,2.409781033539556,0.32283605041790997,1.0,0.4221673657656607
kushal,41_aug1,True,9,126.9963935861486,782.0,2.7847095276807545,0.3558104187709296,1.0,0.7748056911770378
kushal,41_aug2,True,8,122.80902297954636,814.0,2.500383169286508,0.34615996354992756,1.0,0.7599830313680289
kushal,41_aug3,True,10,122.01195962405299,819.0,2.491638237932036,0.34044135482392734,1.0,0.7866594256483105
kushal,41_aug4,True,9,118.44649826036094,765.0,2.771762023017134,0.35635443154985474,1.0,0.7925119692893796
kushal,41_aug5,True,9,123.53253636976265,750.0,2.6368879056765113,0.3456514666413463,1.0,0.793865614908589
kushal,41_aug6,True,9,121.71115387195603,757.0,2.3192096982611417,0.35163643016777585,1.0,0.7969050788976184
kushal,41_aug7,True,9,123.38316403943703,737.0,2.4015565565982953,0.35004541982850806,1.0,0.7970631635911318
kushal,41_aug8,True,9,122.89781336051712,704.0,2.4867962580209526,0.36544021933231147,1.0,0.7915272470646161
kushal,41_aug9,True,9,123.80108156715075,708.0,2.21971934355305,0.35494719714431544,1.0,0.817776905247078
kushal,42_aug1,True,10,72.49849994414339,463.0,1.8913431181119877,0.329717817831695,1.0,0.8406818956596941
kushal,42_aug2,True,10,79.62897665977607,502.0,1.991543399513883,0.3347165417425304,1.0,0.856165568000582
kushal,42_aug3,True,10,74.25025805357022,580.0,2.1830317811333058,0.33549118685748264,1.0,0.8300099239850828
kushal,42_aug4,True,9,76.30749886661037,538.0,2.377960834071402,0.3304761766283718,1.0,0.844644390532574
kushal,42_aug5,True,10,75.07319237504558,528.0,2.4037943024132713,0.3218919933998044,1.0,0.8373638782928656
kushal,42_aug6,True,10,73.7698508108475,486.0,2.220639291516703,0.3356221737737338,1.0,0.8465612102323717
kushal,42_aug7,True,10,77.21973028326828,479.0,2.1524976260660362,0.32557223665966833,1.0,0.8250894192147021
kushal,42_aug8,True,9,78.56203021588891,451.0,2.3434474978432673,0.3298011276857308,1.0,0.8493646846650381
kushal,42_aug9,True,10,74.02821954318014,509.0,2.5069745216222357,0.3180926126546309,1.0,0.8747376469740488
kushal,43_aug1,True,8,106.31580512126344,1049.0,2.0797085766051184,0.31418553514257447,1.0,0.9000315020577907
kushal,43_aug2,True,8,104.02687405756377,1025.0,1.8694280152087661,0.3226815088574734,1.0,0.8881148342504063
kushal,43_aug3,True,9,105.7938233923509,1083.0,2.3562260153300105,0.3174341486474831,1.0,0.9040387298750934
kushal,43_aug4,True,8,101.82782819289339,1063.0,2.320438480841725,0.32668513270399396,1.0,0.875547029161301
kushal,43_aug5,True,9,105.7195597925125,1065.0,2.092219727404998,0.3241635964197467,1.0,0.8913674388152153
kushal,43_aug6,True,8,101.0193799407741,1086.0,1.9752978828408878,0.3270921399880939,1.0,0.8962144403544978
kushal,43_aug7,True,8,105.50153426027896,1114.0,1.7171960896868712,0.33303988901965614,1.0,0.9028815182694137
kushal,43_aug8,True,8,103.1728646686211,1079.0,2.096381128939997,0.32536406616722174,1.0,0.8428954044997182
kushal,43_aug9,True,7,105.08245378153916,1067.0,1.8594654538094455,0.3266555983434042,1.0,0.8938205192139863
kushal,44_aug1,True,10,60.50550652871015,508.0,5.139087488206719,0.14024323029696317,1.0,0.0
kushal,44_aug2,True,10,61.60439483927234,498.0,4.910007663732667,0.13209103426151528,1.0,0.0
kushal,44_aug3,True,10,60.67657075408584,597.0,4.769285098372192,0.14068939571887737,1.0,0.02513726134040914
kushal,44_aug4,True,10,60.89356733521876,512.0,4.994471965660702,0.13719009310562877,1.0,0.0
kushal,44_aug5,True,10,61.40803952874086,504.0,4.685388932131189,0.1470959398912269,1.0,0.0
kushal,44_aug6,True,10,56.96848458153595,475.0,4.860905684914168,0.14850435967351375,1.0,0.013507938565178615
kushal,44_aug7,True,10,60.94814346552155,507.0,5.0907811679424295,0.13815219027412765,1.0,0.0
kushal,44_aug8,True,10,57.54111983133108,527.0,4.872643821844461,0.1552337678895299,1.0,0.00429647888289045
kushal,44_aug9,True,10,59.26091532906326,517.0,4.5696550217806235,0.14268257593371309,1.0,0.0
kushal,45_aug1,True,8,132.49895143300256,289.0,13.840588159520642,0.08963669471919666,1.0,0.0
kushal,45_aug2,True,7,130.45446308990256,274.0,13.849147636581778,0.10655746009012397,1.0,0.022097420660298777
kushal,45_aug3,True,8,128.65810783586033,364.0,14.11892726653896,0.10357089040471508,1.0,0.0
kushal,45_aug4,True,8,130.25174170198508,292.0,13.930221541021014,0.10173921979110073,1.0,0.0
kushal,45_aug5,True,8,127.05216539407756,288.0,13.80168102684407,0.10365159755573554,1.0,0.031171691781749288
kushal,45_aug6,True,8,127.18082399997274,319.0,13.809029596020668,0.0996102223544386,1.0,0.0
kushal,45_aug7,True,9,128.40364370271902,273.0,13.828301345375621,0.0996769044629006,1.0,0.013267042307415582
kushal,45_aug8,True,8,135.32725047343556,258.0,13.946718669639914,0.09609221665994251,1.0,0.0
kushal,45_aug9,True,8,127.77236383613828,290.0,13.737002823596871,0.1079420833132799,1.0,0.05927940538239219
kushal,46_aug1,True,7,56.962853194028376,288.0,2.7471718862535934,0.3524036429287023,1.0,0.7875177305072109
kushal,46_aug2,True,7,54.2466959267164,386.0,2.6010386938026318,0.34639124144562944,1.0,0.7951848638041568
kushal,46_aug3,True,7,59.5593381904415,374.0,2.2098052058528035,0.347601359732413,1.0,0.7809446610472317
kushal,46_aug4,True,7,57.4221840260433,323.0,2.1674186427234745,0.343918689489808,1.0,0.8128098699493591
kushal,46_aug5,True,6,55.7907023213978,333.0,2.5412850052839335,0.3440435763855477,1.0,0.8178826539668413
kushal,46_aug6,True,7,57.88462821228716,334.0,2.475662352456113,0.3514715045316596,1.0,0.7742879275497674
kushal,46_aug7,True,7,56.78275182777908,340.0,2.3938997370988924,0.34973141459380563,1.0,0.8261456617006822
kushal,46_aug8,True,7,52.00208098092192,361.0,2.6682536572343203,0.34961519398829943,1.0,0.8301505281144707
kushal,46_aug9,True,7,60.34664244213227,303.0,2.4322983184515805,0.35021823936261703,1.0,0.7923594477019101
kushal,47_aug1,True,10,103.60197690231371,561.0,2.1737905718946835,0.3907735904128302,1.0,0.5706569394719105
kushal,47_aug2,True,10,102.31000881421136,589.0,1.894043219959025,0.38459956131797385,1.0,0.5903505832955092
kushal,47_aug3,True,10,101.40981346502274,582.0,2.0334853544414577,0.3936503743892958,1.0,0.6038417571515304
kushal,47_aug4,True,10,100.71024240693475,552.0,2.3080723287267513,0.3946020546996418,1.0,0.6034937008716803
kushal,47_aug5,True,10,105.49973058124752,595.0,2.1852447782497633,0.39321562185381337,1.0,0.6039769947743966
kushal,47_aug6,True,9,102.82113798118978,589.0,2.046476926266419,0.3886747378555324,1.0,0.5672013153329762
kushal,47_aug7,True,10,103.94601663466871,622.0,2.370244810472162,0.3827455296942796,1.0,0.6196659217615762
kushal,47_aug8,True,10,102.5158901362082,486.0,2.181473016081467,0.38604818703117955,1.0,0.5567207505965719
kushal,47_aug9,True,9,104.61668458020125,530.0,1.9527721416770878,0.37963419028277345,1.0,0.5773896286089873
kushal,48_aug1,True,9,106.70241948218877,923.0,1.3223468934224767,0.3397844230563895,1.0,0.7130124126659244
kushal,48_aug2,True,9,107.08041345252654,898.0,1.5028927880866096,0.3439053399798179,1.0,0.7094787630598127
kushal,48_aug3,True,9,106.83169444375694,959.0,1.0223200804194663,0.3500288334490302,1.0,0.687292893337742
kushal,48_aug4,True,9,104.94928937030821,887.0,1.3194139383759036,0.3490694906669696,1.0,0.7241116873126986
kushal,48_aug5,True,9,102.95763893597895,918.0,1.331880306084833,0.3481261139111982,1.0,0.6640182093747147
kushal,48_aug6,True,9,103.70688374349714,985.0,1.2776443654717942,0.3524590325388781,1.0,0.6757751975179896
kushal,48_aug7,True,8,103.84700302264095,894.0,1.5130689903884624,0.3358311363042645,1.0,0.6922801439234871
kushal,48_aug8,True,8,103.95956390048704,907.0,1.3556697198739698,0.35478831036046043,1.0,0.7054680895960272
kushal,48_aug9,True,9,104.18305108741328,947.0,1.3306901578660169,0.3483717482503629,1.0,0.694248908966345
kushal,49_aug1,True,9,115.30035151957097,1091.0,1.4167312828535374,0.32623400540006336,1.0,0.7296477733071643
kushal,49_aug2,True,10,114.72470032360427,1099.0,1.5906509950127845,0.32623574236262776,1.0,0.7216215907866668
kushal,49_aug3,True,9,111.8758733248468,1141.0,1.1524104208544084,0.32889599590935226,1.0,0.7297231953674929
kushal,49_aug4,True,9,113.65085483764184,1115.0,1.419799423949798,0.323005783706583,1.0,0.7235983902811389
kushal,49_aug5,True,9,113.09136758372449,1066.0,1.524530108291682,0.33082202150072204,1.0,0.7397769629178598
kushal,49_aug6,True,9,115.81854941906552,1125.0,1.4459537180897872,0.3245038312001154,1.0,0.7098769607668504
kushal,49_aug7,True,9,115.91413424044102,1123.0,1.2319830696386784,0.33421174910139656,1.0,0.6959730666773054
kushal,49_aug8,True,9,116.35034429285872,1069.0,1.7504284005679591,0.3314882430028399,1.0,0.7529649261670054
kushal,49_aug9,True,9,114.86246189183463,1090.0,1.5556705469082497,0.3304185555526223,1.0,0.702744715150868
kushal,50_aug1,True,9,68.5912758570296,793.0,3.242726373428945,0.18161743047473394,1.0,0.9745174655880867
kushal,50_aug2,True,9,71.72755481543969,823.0,3.5899827050516713,0.17596900645256994,1.0,0.9857300814215884
kushal,50_aug3,True,9,71.01817891560702,806.0,3.53053023784384,0.1837162801297732,1.0,1.0
kushal,50_aug4,True,9,65.61133895775947,806.0,3.5901388512718992,0.18122271163383638,1.0,0.9464900916824437
kushal,50_aug5,True,8,65.96283750467833,882.0,3.9480996972999387,0.18045082336200383,1.0,0.9597845836495595
kushal,50_aug6,True,9,67.37840754230363,802.0,3.2467683528746125,0.18841154341601246,1.0,0.9781945563526442
kushal,50_aug7,True,8,68.35669470534722,875.0,3.4772628977297733,0.1814151145356139,1.0,0.9629643646834678
kushal,50_aug8,True,8,64.24899196844419,832.0,3.4917367648217517,0.17074830044083475,1.0,0.9713176174898988
kushal,51_aug1,True,8,108.53917657820072,768.0,1.7173320033052293,0.34216732273258976,1.0,0.5434165429360143
kushal,51_aug2,True,8,110.40503921141247,736.0,1.5517274332278996,0.3516873327906584,1.0,0.5351245246944415
kushal,51_aug3,True,9,112.48531535727335,756.0,1.7821186373041418,0.354053416685756,1.0,0.48369442964812315
kushal,51_aug4,True,9,111.20602602314311,692.0,1.5379637536153334,0.3534724770711144,1.0,0.51104061986643
kushal,51_aug5,True,8,108.23838936975149,725.0,1.6887093781868379,0.35123311350853453,1.0,0.5410709721369663
kushal,51_aug6,True,8,111.73568286721259,744.0,1.6644833225862588,0.3495720483161378,1.0,0.5381445627469007
kushal,51_aug7,True,8,110.72253213797588,724.0,1.6652935758743712,0.3487762047834647,1.0,0.5684003808618883
kushal,51_aug8,True,8,111.58298224766156,791.0,1.6702354091795635,0.36266649912258925,1.0,0.5286826544183618
kushal,52_aug1,True,10,83.628589620713,533.0,1.8407923393072014,0.3294114834885249,1.0,0.48405903421437013
kushal,52_aug2,True,10,90.58259220812586,538.0,1.585675817644631,0.32346192100580756,1.0,0.5058234978418106
kushal,52_aug3,True,10,84.71848396722905,522.0,1.8220858511689948,0.32256668879695105,1.0,0.4907951913772374
kushal,52_aug4,True,10,85.18542783388457,495.0,1.8132862924873454,0.3231707294845515,1.0,0.46614613830545815
kushal,52_aug5,True,10,85.87021845065732,546.0,1.9061129619732784,0.3440514715894911,1.0,0.4704836289031838
kushal,52_aug6,True,10,82.49224965887154,486.0,1.6540792960239885,0.3203951939861001,1.0,0.48715350635226023
kushal,52_aug7,True,10,85.58415487570295,545.0,1.6420621069443897,0.33999154921775776,1.0,0.44676594668362085
kushal,52_aug8,True,10,80.46742867884065,525.0,1.6830563935821776,0.32478784618151685,1.0,0.4976457679413497
kushal,53_aug1,True,8,109.84633865249471,704.0,2.7442907884144736,0.390965135562901,1.0,0.8049456822507108
kushal,53_aug2,True,8,111.4757032579189,711.0,2.6503864703163535,0.3889110239998473,1.0,0.8215105642628675
kushal,53_aug3,True,8,111.29545609657487,724.0,2.8096020939144757,0.39353573911795414,1.0,0.8254265990909518
kushal,53_aug4,True,8,114.90509456089713,803.0,2.5971271146041244,0.3900309859677051,1.0,0.8066807349674576
kushal,53_aug5,True,8,108.58438409536166,743.0,2.6131043008875507,0.3904542668512648,1.0,0.7855481873521328
kushal,53_aug6,True,7,112.30883968183642,761.0,3.094441068955818,0.3915773912902496,1.0,0.7860144147489556
kushal,53_aug7,True,8,115.56770379745359,707.0,2.5682021401526094,0.38971983279767575,1.0,0.7897079157425478
kushal,53_aug8,True,7,114.76328218744011,711.0,2.511220203575328,0.39548347968400777,1.0,0.7956576092268015
kushal,54_aug1,True,9,60.9648335158656,571.0,1.778045851349217,0.10681997247809476,1.0,0.014244951596363145
kushal,54_aug2,True,9,65.01229697426992,531.0,1.642213287589293,0.11435419192230578,1.0,0.01162401423763986
kushal,54_aug3,True,10,60.8734431481856,578.0,1.5563521549233925,0.11570999831909012,1.0,0.012837790253000242
kushal,54_aug4,True,10,58.45745504210767,557.0,1.6559602897791221,0.10650372230131622,1.0,0.019166290305914418
kushal,54_aug5,True,10,55.686689702887165,527.0,1.895441111201785,0.10969708674927546,1.0,0.02606262080004166
kushal,54_aug6,True,10,65.17423634216219,583.0,1.66283455025628,0.11503715784531214,1.0,0.0480517560619017
kushal,54_aug7,True,10,59.062836383577405,589.0,1.7741043118214386,0.1199670981584453,1.0,0.02457929125402596
kushal,54_aug8,True,9,68.51427922208009,546.0,1.5054488388001526,0.11110861702897012,1.0,0.0
kushal,55_aug1,True,8,116.21792312965079,796.0,2.5609815353086978,0.39686379816598244,1.0,0.9178645643378996
kushal,55_aug2,True,8,119.08806274252758,793.0,2.864361904444795,0.3858293463326759,1.0,0.8983542989458155
kushal,55_aug3,True,8,118.12894605538501,863.0,2.597286834065463,0.387963652923096,1.0,0.9146833296580826
kushal,55_aug4,True,8,111.7829218889368,801.0,2.2797198422547758,0.3941311150977054,1.0,0.91171723233349
kushal,55_aug5,True,8,113.6739157062856,792.0,2.635868064023372,0.38261501773382844,1.0,0.9490154349242347
kushal,55_aug6,True,8,119.59579386741737,813.0,2.8823948086464797,0.384384983045723,1.0,0.8866460003929616
kushal,55_aug7,True,8,115.00009259275546,777.0,2.528631736763712,0.39431953160125605,1.0,0.9043719273704726
kushal,55_aug8,True,8,117.1224758913593,790.0,2.44823868906855,0.3726640286698535,1.0,0.8974609061286339
kushal,56_aug1,True,10,80.80768960197132,479.0,1.4277331535857796,0.37616306806976235,1.0,0.7070291832953827
kushal,56_aug2,True,10,79.77912719113645,409.0,1.4464416470534227,0.38286304535932897,1.0,0.6485774525719049
kushal,56_aug3,True,10,80.8567948139614,410.0,1.1929113659443458,0.3811929240407913,1.0,0.6545077241062606
kushal,56_aug4,True,9,76.60858297573961,451.0,1.3405904135045967,0.37519580376321215,1.0,0.6406516050607223
kushal,56_aug5,True,10,78.7530610562758,463.0,1.583011938565193,0.3667188786126868,1.0,0.6185860900528893
kushal,56_aug6,True,10,75.21173346174618,382.0,1.5183418298070246,0.3771550985066832,1.0,0.6660293627790554
kushal,56_aug7,True,10,79.46230906485364,433.0,1.4766887315685797,0.37314721502379117,1.0,0.6597424587883075
kushal,56_aug8,True,10,71.83264825535582,404.0,1.4435358535749954,0.38748227448430234,1.0,0.6231970280274368
kushal,57_aug1,True,7,109.23905897420704,432.0,1.8908300136282026,0.3871626006863642,1.0,0.6599336565531368
kushal,57_aug2,True,7,109.67859560436662,443.0,2.010262826609004,0.3902012280141703,1.0,0.687032197733412
kushal,57_aug3,True,7,110.2980122693962,405.0,2.16124279728933,0.37756593577569914,1.0,0.6940841412274215
kushal,57_aug4,True,7,103.91378473348144,469.0,2.15602217332678,0.38278290266107917,1.0,0.7112544518328421
kushal,57_aug5,True,7,107.83467439964613,488.0,2.4180309389561,0.3813364435892378,1.0,0.7154276829339338
kushal,57_aug6,True,7,104.933416827706,445.0,2.081984506384945,0.3786857444407826,1.0,0.7010935149249885
kushal,57_aug7,True,7,104.77521642348067,393.0,1.681542010788551,0.3761504202313583,1.0,0.6959410378130364
kushal,57_aug8,True,7,104.55182343741393,431.0,1.92204418689945,0.391309199110323,1.0,0.6995435035617554
kushal,58_aug1,True,10,85.8504564181002,323.0,2.7925752611843837,0.41154470507513663,1.0,0.49892137830310557
kushal,58_aug2,True,10,88.57101345911192,301.0,2.9933657557713387,0.41169958002102197,1.0,0.5410308732371931
kushal,58_aug3,True,10,86.57626143178858,315.0,2.8355550297639374,0.4249623194669222,1.0,0.5589891871901137
kushal,58_aug4,True,10,88.57967597400823,284.0,2.8750988113251115,0.4298524128876637,1.0,0.49552602673208007
kushal,58_aug5,True,10,89.64005765765785,331.0,2.7379514288312388,0.4227954730786781,1.0,0.5674796614685953
kushal,58_aug6,True,10,90.2996680396636,324.0,2.844891138416548,0.41507026390953167,1.0,0.5777980220880483
kushal,58_aug7,True,9,88.6682652279867,315.0,2.6018333018514443,0.4169379296342625,1.0,0.5535018150439324
kushal,58_aug8,True,10,86.34657346086169,375.0,2.6625611055319856,0.406302598843577,1.0,0.556184618296519
kushal,59_aug1,True,7,103.92106030117368,842.0,1.3322539633863688,0.37211196648791994,1.0,0.5352964994871414
kushal,59_aug2,True,7,104.36815809766371,840.0,1.2795683766302184,0.35584786384069966,1.0,0.5434524956330203
kushal,59_aug3,True,8,105.69431069617656,792.0,1.548866484591007,0.3651029232018676,1.0,0.5235532993961997
kushal,59_aug4,True,7,100.8177522593317,821.0,1.1469796254547133,0.36473494873684026,1.0,0.48614168671932534
kushal,59_aug5,True,7,103.90144139200119,728.0,1.557352858801258,0.37379551225490504,1.0,0.5377075900783996
kushal,59_aug6,True,6,107.78910363450936,863.0,1.6052549554414612,0.3598425090778003,1.0,0.5394073281451233
kushal,59_aug7,True,7,105.8345789742219,884.0,1.5248264375322735,0.37402100426997353,1.0,0.528589087083267
kushal,59_aug8,True,7,102.90963475106385,769.0,1.6268818686460036,0.37342760458249846,1.0,0.550557842045548
sudhin,64_aug1,True,10,171.87902170157338,1917.0,2.2423912439099096,0.29563854519331445,1.0,0.8119738801653149
sudhin,64_aug2,True,10,169.2092414212036,1978.0,2.1569292676119876,0.29933899796044033,1.0,0.7880872638878851
sudhin,64_aug3,True,10,171.7585874217652,1833.0,2.249550386489125,0.29196027483997583,1.0,0.8035922898899838
sudhin,64_aug4,True,9,173.78882523181178,1869.0,1.9186132923072818,0.29399922743702483,1.0,0.7773652187067606
sudhin,64_aug5,True,10,172.9803527151462,1880.0,2.0164736170067057,0.2842513159757391,1.0,0.805285881328736
sudhin,64_aug6,True,10,169.3504203629529,1960.0,1.968843714639847,0.29114237327335507,1.0,0.8099071656171956
sudhin,64_aug7,True,10,170.75258909969838,1949.0,2.319271073444863,0.2903573947835199,1.0,0.8073477733988725
sudhin,64_aug8,True,10,170.9789219315595,1901.0,2.266156338757303,0.3022418478773896,1.0,0.8009313235893346
sudhin,64_aug9,True,10,169.77383074296927,1922.0,2.0660569944638305,0.28946142828486093,1.0,0.8359771954828186
sudhin,64_aug10,True,10,174.83891951680664,1883.0,2.1278264057932526,0.309200617498875,1.0,0.7654033472360957
sudhin,64_aug11,True,10,169.22392884217712,1900.0,1.9849149671852606,0.2967273148691717,1.0,0.8016489688064639
sudhin,64_aug12,True,10,168.81085540731561,1876.0,2.0237800042083207,0.286764131095748,1.0,0.8079520458441135
sudhin,65_aug1,True,7,173.16007013840422,1131.0,2.2070040870507053,0.37501528065311646,1.0,0.6557864025035537
sudhin,65_aug2,True,7,173.23235087926878,1145.0,2.5689611876463743,0.3739443683566519,1.0,0.6751633194535939
sudhin,65_aug3,True,7,173.2733646497412,1167.0,2.2014037768173895,0.3622361637513225,1.0,0.6285243196472501
sudhin,65_aug4,True,8,176.70640375107806,1064.0,2.1053747324499694,0.3648987628877589,1.0,0.6578681168132474
sudhin,65_aug5,True,7,175.94968431848773,1150.0,2.3375734890178754,0.37326666491790167,1.0,0.6836707913193821
sudhin,65_aug6,True,7,175.67891871294168,1174.0,2.348202239527756,0.3699233906364517,1.0,0.6052089240852551
sudhin,65_aug7,True,7,173.51971186643325,1130.0,2.428962384873538,0.37051898259784705,1.0,0.6626009450466829
sudhin,65_aug8,True,6,174.0392699090049,1138.0,2.4831920941530194,0.36458170818858243,1.0,0.6928007844769558
sudhin,65_aug9,True,6,174.18654901712648,1111.0,2.2534450857563435,0.3656457161917,1.0,0.7044332707440287
sudhin,65_aug10,True,7,171.11578997842318,1086.0,2.595297307247695,0.36824350321265303,1.0,0.6570860539136111
sudhin,65_aug11,True,6,173.24251615953108,1220.0,2.5406585029174193,0.36595024998212067,1.0,0.6480400249500438
sudhin,65_aug12,True,7,176.09798716577276,1173.0,2.484281002041973,0.3681993197492531,1.0,0.681403801643313
sudhin,66_aug1,True,9,131.96636161209454,1396.0,1.6460709251466297,0.28839721073792146,1.0,0.7737600309503004
sudhin,66_aug2,True,9,134.56949148814059,1485.0,1.5143664317106373,0.27256881957372553,1.0,0.7790425716254122
sudhin,66_aug3,True,9,131.28267110422044,1389.0,1.9130793215527404,0.28691007639955185,1.0,0.7807009209519747
sudhin,66_aug4,True,9,132.30617151497512,1448.0,1.557853115387891,0.2975311140867644,1.0,0.7504969997155349
sudhin,66_aug5,True,9,130.5616110801825,1508.0,1.5198077313301543,0.28500414120639206,1.0,0.7684010502745781
sudhin,66_aug6,True,9,132.88682132748872,1452.0,1.5335543998675227,0.2794232255643524,1.0,0.7579927499732331
sudhin,66_aug7,True,9,131.68720072748377,1493.0,1.7375949307790282,0.28535196908046595,1.0,0.7723802143061795
sudhin,66_aug8,True,10,132.27138414393366,1489.0,1.7699647941113705,0.2762972795841502,1.0,0.7625762950534261
sudhin,66_aug9,True,9,128.5026224451536,1464.0,1.4033155761195737,0.27833796104457653,1.0,0.7514104244612682
sudhin,66_aug10,True,8,132.87863944923518,1435.0,1.3892359648502235,0.28664092003632696,1.0,0.7780730040549474
sudhin,66_aug11,True,10,133.54254164382982,1478.0,1.4595012397958724,0.2821160596446373,1.0,0.7991505161442215
sudhin,66_aug12,True,9,129.07434583488907,1543.0,1.4783974936368975,0.28781986503768386,1.0,0.7392745985043784
sudhin,67_aug1,True,8,159.5997742116235,1655.0,3.293730433439165,0.3595562522022333,1.0,0.8798792133009468
sudhin,67_aug2,True,8,161.16542617280913,1661.0,3.1478641319554437,0.3463955085162279,1.0,0.8703224279495685
sudhin,67_aug3,True,9,162.06574091945927,1629.0,3.489288986165408,0.360566849683626,1.0,0.866080021715446
sudhin,67_aug4,True,8,159.70564037982908,1639.0,3.200814029348345,0.34730830788396383,1.0,0.8967741653116508
sudhin,67_aug5,True,8,166.8076639434112,1596.0,3.0512787485884796,0.3555274766331726,1.0,0.8847839910867322
sudhin,67_aug6,True,7,155.64879902327527,1611.0,3.081220225089999,0.34140631961341356,1.0,0.8360995395934395
sudhin,67_aug7,True,8,158.62191544115984,1605.0,3.3207341576971565,0.35432648645786,1.0,0.8992958341029037
sudhin,67_aug8,True,8,159.84014305843152,1646.0,3.339488473754495,0.3533640699188683,1.0,0.8764069651203199
sudhin,67_aug9,True,8,160.8040624161192,1632.0,3.148094342047832,0.3486442576813761,1.0,0.9040738881462581
sudhin,67_aug10,True,8,157.88087167046604,1664.0,3.1648315182340325,0.3442746332984041,1.0,0.8720889382116376
sudhin,67_aug11,True,9,159.93823029825103,1676.0,3.25941125768898,0.3454922092886137,1.0,0.8731883551457734
sudhin,67_aug12,True,8,159.84196076128396,1555.0,3.314372718731677,0.36394937578793474,1.0,0.9220527131493875
sudhin,68_aug1,True,10,114.11575197483829,540.0,5.482943088085602,0.33400092021358035,1.0,0.7870785977404147
sudhin,68_aug2,True,10,113.86214216246039,576.0,5.226372364576622,0.33964491607940134,1.0,0.8196961859965624
sudhin,68_aug3,True,10,114.44401076913226,539.0,5.000041668784345,0.3311005252142134,1.0,0.7928806791541111
sudhin,68_aug4,True,10,115.77830718527437,611.0,5.450382654358305,0.33975198406289125,1.0,0.806139734268803
sudhin,68_aug5,True,9,113.00128311821237,592.0,5.636910649422956,0.3346072697940199,1.0,0.7951316627236078
sudhin,68_aug6,True,9,107.19631537881791,530.0,5.532952419162267,0.34214272477039526,1.0,0.8425099729290788
sudhin,68_aug7,True,10,111.97735868708119,577.0,5.326436752471647,0.3416409025264569,1.0,0.83109456803079
sudhin,68_aug8,True,10,116.66303615377976,565.0,5.613901960856721,0.3411616442548433,1.0,0.7890243020710183
sudhin,68_aug9,True,10,112.76352383908724,538.0,5.426025444072974,0.3378926212388459,1.0,0.7994535619419391
sudhin,68_aug10,True,10,111.59457917108068,575.0,5.231106735045774,0.3388497700785381,1.0,0.8348100709921347
sudhin,68_aug11,True,10,115.1889885276142,589.0,5.711554869771335,0.3411279477810292,1.0,0.7911053733591364
sudhin,68_aug12,True,10,109.28584746447353,649.0,5.579913377110204,0.33951292539402395,1.0,0.8158564945608824
sudhin,69_aug1,True,6,105.19486865910912,875.0,1.2470778942432708,0.3189953944909264,1.0,0.6100735617894668
sudhin,69_aug2,True,6,114.08814508830324,871.0,1.2538181290409915,0.3312798398416475,1.0,0.6038215479381145
sudhin,69_aug3,True,6,111.12361095700204,897.0,0.989285822710137,0.3233887092997006,1.0,0.6242590176714701
sudhin,69_aug4,True,6,108.32973152010679,884.0,1.4423118910267887,0.32260860257158114,1.0,0.6215378120827666
sudhin,69_aug5,True,6,110.01905333519575,840.0,1.3806250869341092,0.33699197874061304,1.0,0.6187138224552922
sudhin,69_aug6,True,6,106.81753613621568,881.0,1.5276837574251165,0.329884314669534,1.0,0.6053927129412164
sudhin,69_aug7,True,6,107.86748849739132,901.0,1.407625370826898,0.33580248474003943,1.0,0.6367904215177959
sudhin,69_aug8,True,6,106.66122055306845,881.0,1.2489265246381003,0.3238998798674103,1.0,0.6057668878353812
sudhin,69_aug9,True,6,107.99886310252516,926.0,1.3548996559448603,0.34509546513225714,1.0,0.6096585587880371
sudhin,69_aug10,True,5,109.30131244511713,900.0,1.6608000623282588,0.325620158424193,1.0,0.6201620412827819
sudhin,69_aug11,True,6,110.47159028006617,929.0,1.1827759774393012,0.3305306948694122,1.0,0.5892189922808487
sudhin,69_aug12,True,6,107.65605265850526,844.0,1.3598238383698917,0.3275159942406798,1.0,0.6313778098318816
sudhin,70_aug1,True,10,123.0871720157736,1342.0,1.6524592542536483,0.3241955079168048,1.0,0.7492632163304758
sudhin,70_aug2,True,10,129.30393371339892,1297.0,1.710963074282082,0.3130717880111751,1.0,0.7419617376197448
sudhin,70_aug3,True,10,123.95912610231173,1365.0,1.6660208353385086,0.31651092425860927,1.0,0.7454859706084358
sudhin,70_aug4,True,10,122.20380909229272,1308.0,1.5328199685049457,0.3240623630515684,1.0,0.7459327735556847
sudhin,70_aug5,True,10,126.85190076003946,1313.0,1.4695451937604769,0.3120875242839496,1.0,0.7365229837455323
sudhin,70_aug6,True,10,126.7127041722258,1356.0,1.534045922058855,0.32019407499771535,1.0,0.7381970374422635
sudhin,70_aug7,True,10,125.9890929560737,1361.0,1.3853989056208666,0.3172304179755599,1.0,0.7183765735603241
sudhin,70_aug8,True,10,128.0284469305559,1375.0,1.5820765672600237,0.32850512840355617,1.0,0.7934528857536959
sudhin,70_aug9,True,10,125.72847499830496,1323.0,1.5551751489032442,0.3218321107332263,1.0,0.7669726042756214
sudhin,70_aug10,True,10,125.76327797782392,1305.0,1.5626982902243207,0.31613921330208394,1.0,0.7131024772601189
sudhin,70_aug11,True,10,124.54803805197476,1285.0,1.3807488222590059,0.31662334324713287,1.0,0.7411911093477193
sudhin,70_aug12,True,10,123.68005238078361,1349.0,1.3517733272383397,0.31328809886889225,1.0,0.704411448951556
sudhin,71_aug1,True,10,155.19803295666742,640.0,5.198150780964069,0.357927700330754,1.0,0.37901908785205857
sudhin,71_aug2,True,10,155.0580609747863,619.0,5.0309225927696755,0.3445717696300774,1.0,0.3727279611608384
sudhin,71_aug3,True,10,150.51754347235422,570.0,5.073907216474804,0.3512691741705892,1.0,0.3308046822175126
sudhin,71_aug4,True,10,153.82713305253694,563.0,5.1728773328554,0.35958186321603997,1.0,0.3564528873637282
sudhin,71_aug5,True,10,152.67889624426533,585.0,5.381316082099205,0.3515692065395729,1.0,0.36985949724547357
sudhin,71_aug6,True,10,154.7225514709834,616.0,5.358079867254042,0.3501475502337317,1.0,0.35951078307124745
sudhin,71_aug7,True,10,151.29763435359595,641.0,5.267725287889392,0.3456351180228508,1.0,0.4079460853384825
sudhin,71_aug8,True,10,156.87848842170052,608.0,4.92103316906837,0.34253988416310766,1.0,0.34831848306108787
sudhin,71_aug9,True,10,153.4880243419163,627.0,4.955044788167498,0.3507315395469648,1.0,0.3381210811187091
sudhin,71_aug10,True,10,152.5276352354574,624.0,5.370535149982293,0.35771912288121616,1.0,0.3365111102809554
sudhin,71_aug11,True,9,151.69019360136323,614.0,5.2338219839715325,0.3562151782560722,1.0,0.3430050694306149
sudhin,71_aug12,True,10,155.61619800706612,612.0,5.379015650066177,0.3531043265059073,1.0,0.38119318580605926
sudhin,72_aug1,True,9,122.28789284024877,345.0,4.55370771259019,0.43362147335135093,1.0,0.4507964837863576
sudhin,72_aug2,True,9,122.26175668787494,425.0,4.2058864461027605,0.4410878372928951,1.0,0.44770804027273853
sudhin,72_aug3,True,9,119.64672073184403,407.0,4.232642885139698,0.4377259076633446,1.0,0.4080863024069502
sudhin,72_aug4,True,9,123.69687329962841,293.0,4.160941144731438,0.43642109211570224,1.0,0.4647462673316042
sudhin,72_aug5,True,9,124.47845973167796,342.0,4.450213019522348,0.4307897532673753,1.0,0.43996035321318105
sudhin,72_aug6,True,9,121.01533592650642,378.0,4.205188075748185,0.4420202358618612,1.0,0.4616187172842783
sudhin,72_aug7,True,9,121.37087664577291,352.0,4.310489247586012,0.4419985140636819,1.0,0.46835034679103543
sudhin,72_aug8,True,9,128.5386430755552,386.0,4.364762326669662,0.44290126719696493,1.0,0.4391634822092297
sudhin,72_aug9,True,9,122.98342859533395,362.0,4.30831942231214,0.44515249153614234,1.0,0.44511724249597984
sudhin,72_aug10,True,9,124.09329055716691,396.0,4.024087833041953,0.43692933325180383,1.0,0.4649620258120797
sudhin,72_aug11,True,9,122.15566945302731,389.0,4.296248343432636,0.4348116290111071,1.0,0.4489301089049128
sudhin,73_aug1,True,9,107.88648739188905,947.0,2.387201668759466,0.35364216676792243,1.0,0.8061744957916935
sudhin,73_aug2,True,9,108.47259877112828,949.0,2.5025426309028496,0.3652019745615594,1.0,0.764899253163072
sudhin,73_aug3,True,9,112.76191433356891,967.0,2.465913920486308,0.3499100114647666,1.0,0.8047467497858273
sudhin,73_aug4,True,9,110.34411738759232,949.0,1.9375056511580508,0.35164544175214196,1.0,0.7743659861500053
sudhin,73_aug5,True,9,112.05051723738633,880.0,2.413157107735196,0.3498438133647929,1.0,0.7688323913038768
sudhin,73_aug6,True,9,111.53339442514637,972.0,2.398361143548898,0.35379602458837917,1.0,0.7647105384256132
sudhin,73_aug7,True,9,112.15899875504496,939.0,2.4799109780986766,0.3536547842582363,1.0,0.7900107277319804
sudhin,73_aug8,True,9,112.91724455658684,1028.0,2.269057260058698,0.3548627242920573,1.0,0.7953841084727039
sudhin,73_aug9,True,9,108.65190480633117,943.0,2.203103530405362,0.345156990822848,1.0,0.7737856084394198
sudhin,73_aug10,True,9,113.54586142132969,929.0,2.3356444099924056,0.344384138550466,1.0,0.8042964751710139
sudhin,73_aug11,True,9,110.55502653125633,999.0,2.131089312431605,0.3479691392535484,1.0,0.8311374830700167
sudhin,74_aug1,True,9,98.20788020341384,775.0,4.0114304136953525,0.36407282686138814,1.0,0.8152683130693071
sudhin,74_aug2,True,9,98.56172127859898,887.0,4.36320855915981,0.370525112307289,1.0,0.8361669856991277
sudhin,74_aug3,True,9,96.07287174736963,953.0,4.402093118413767,0.36554894530049387,1.0,0.8782063608660479
sudhin,74_aug4,True,9,94.64676506003457,903.0,4.285408732514721,0.36394216795652373,1.0,0.8497028458478305
sudhin,74_aug5,True,9,98.52767003637736,843.0,4.654597794331517,0.37495115900132664,1.0,0.8399503242513284
sudhin,74_aug6,True,8,100.81684305552643,841.0,4.272302372198779,0.36905849460080725,1.0,0.8378038538339228
sudhin,74_aug7,True,9,99.90235438591309,922.0,4.45846234637104,0.3718954627851875,1.0,0.8435866835424227
sudhin,74_aug8,True,9,97.78132581472863,881.0,4.357541513430213,0.3550192438661956,1.0,0.8094591214391358
sudhin,74_aug9,True,9,102.99689079610805,902.0,4.032035092192793,0.3716563713133571,1.0,0.8059959975871971
sudhin,74_aug10,True,9,100.79298290371726,873.0,4.127658255444899,0.36689879439317175,1.0,0.8338991018205841
sudhin,74_aug11,True,9,98.34155821594888,835.0,4.485854611407572,0.3690359432960664,1.0,0.8570482987387027
sudhin,75_aug1,True,10,143.6133117968083,1252.0,3.187362078630608,0.28396882081471575,1.0,0.8262339461478337
sudhin,75_aug2,True,10,142.49481137023588,1294.0,3.1659680973021924,0.2912533461970072,1.0,0.8415068474753536
sudhin,75_aug3,True,10,141.39105005091383,1290.0,3.2763774044618557,0.2783723162992933,1.0,0.8811638691348846
sudhin,75_aug4,True,10,142.96424285927202,1262.0,3.003879198555908,0.2883602380228403,1.0,0.8331900569909708
sudhin,75_aug5,True,10,142.75723082381967,1232.0,3.2455209719291735,0.2850089944951227,1.0,0.8602484554633407
sudhin,75_aug6,True,9,142.03709414916858,1232.0,2.914432732441626,0.2799576864285912,1.0,0.8545074885910451
sudhin,75_aug7,True,10,138.4396166901985,1239.0,3.4271453869879465,0.2842653223022772,1.0,0.8538155950955841
sudhin,75_aug8,True,10,138.90534074634812,1276.0,3.1182070675953786,0.29042913410224125,1.0,0.8501257526690381
sudhin,75_aug9,True,10,141.59473015091064,1257.0,3.129373603451805,0.28155108829500514,1.0,0.8685221411181036
sudhin,75_aug10,True,10,143.23900934260777,1217.0,2.979755207986795,0.29143143613968714,1.0,0.8659460040532632
sudhin,75_aug11,True,9,141.46383626943424,1258.0,3.267474064568735,0.28051023384243995,1.0,0.8487821864487786
sudhin,76_aug1,True,10,136.1571323584325,1079.0,2.5488394887117494,0.38897993724966345,1.0,0.6296947586413665
sudhin,76_aug2,True,10,138.19537903844173,1058.0,2.334855774615255,0.38434314705308015,1.0,0.5792986388265482
sudhin,76_aug3,True,10,136.967183604263,1050.0,2.057739989711883,0.3885552678616189,1.0,0.6209986174861064
sudhin,76_aug4,True,10,137.2470031013934,1102.0,2.108883669796978,0.3859613442910309,1.0,0.6078020766314904
sudhin,76_aug5,True,10,139.6101066411943,1094.0,2.3486852872936894,0.382557252003138,1.0,0.6103223704013276
sudhin,76_aug6,True,10,132.50417376828375,1080.0,2.4334267626215493,0.39896354589026056,1.0,0.6501094961223524
sudhin,76_aug7,True,10,138.37834287376498,971.0,2.5148660604402986,0.3893860334596753,1.0,0.6329546932336793
sudhin,76_aug8,True,10,135.22500632941646,1013.0,1.9738000222210499,0.389827787693734,1.0,0.6045456520088006
sudhin,76_aug9,True,10,135.93940713953478,1042.0,2.1734162169001494,0.37958158342860554,1.0,0.6179957770141028
sudhin,76_aug10,True,10,136.64914426180718,997.0,2.4755764928859088,0.38847180076014914,1.0,0.6444640044860971
sudhin,76_aug11,True,9,136.25413343965744,1024.0,2.065364742229398,0.3832207168117143,1.0,0.62435101234206
sudhin,77_aug1,True,10,129.34506259392904,420.0,6.4795876489628155,0.46842469421317084,1.0,0.4427884541900126
sudhin,77_aug2,True,9,131.99143605248813,410.0,6.502719217724418,0.48061869673110624,1.0,0.4919607833340459
sudhin,77_aug3,True,9,134.30452263930374,373.0,6.4563646784403375,0.4834714959139189,1.0,0.4740492207539378
sudhin,77_aug4,True,9,133.80189174410145,346.0,6.545585735723593,0.47123442807326515,1.0,0.4741598780739591
sudhin,77_aug5,True,8,128.93871083944072,366.0,6.573795292811887,0.4753180391825603,1.0,0.4331824245625412
sudhin,77_aug6,True,9,137.3774976826584,324.0,6.593829030376739,0.4681926235207972,1.0,0.4605972331196618
sudhin,77_aug7,True,10,133.1972638523271,345.0,6.323196898346793,0.4737978630105195,1.0,0.4829778029597719
sudhin,77_aug8,True,9,135.9588188462137,387.0,6.480355337528402,0.4608430518899239,1.0,0.5010241211989861
sudhin,77_aug9,True,9,131.29456061606837,355.0,6.321262221552156,0.46502320358589405,1.0,0.45514785510113903
sudhin,77_aug10,True,9,131.1080766750605,380.0,6.456482808287342,0.47117730557936155,1.0,0.4709614239830326
sudhin,77_aug11,True,9,133.95667407969952,385.0,6.470340528660739,0.47269898416773765,1.0,0.45579868693755526
sudhin,78_aug1,True,9,92.17496289374824,534.0,2.0486402058817066,0.36492469533295674,1.0,0.48512788669581286
sudhin,78_aug2,True,9,90.9329645569281,567.0,2.040103602907637,0.36836619413379285,1.0,0.47060954562274343
sudhin,78_aug3,True,10,92.75852091918605,619.0,1.941813958742776,0.36507024915717934,1.0,0.45510113818080244
sudhin,78_aug4,True,10,89.63071631833847,501.0,1.7442267348593465,0.3602053910444592,1.0,0.4787284408642357
sudhin,78_aug5,True,9,90.32780355699278,459.0,2.14951876710377,0.36038555710815406,1.0,0.4594473619097027
sudhin,78_aug6,True,9,90.75731222964345,545.0,1.9658259660987307,0.36173709328938386,1.0,0.4385629111485022
sudhin,78_aug7,True,9,87.09593176273539,502.0,2.126608177928568,0.36643266637484,1.0,0.4640255180571349
sudhin,78_aug8,True,9,93.26683708980266,534.0,2.154006909329022,0.36905926582406895,1.0,0.43704285260755293
sudhin,78_aug9,True,8,92.40516266604492,557.0,1.850323393065462,0.35933165302723663,1.0,0.46389636373330095
sudhin,78_aug10,True,9,92.01602866086333,452.0,1.8488675508783776,0.37258933007999057,1.0,0.4397486561623627
sudhin,78_aug11,True,9,91.2593281019472,582.0,1.9225759509156943,0.36185358054707184,1.0,0.4574902062314173
sudhin,79_aug1,True,7,107.82280987945059,597.0,2.419768704663954,0.3554475370041728,1.0,0.8217698634755054
sudhin,79_aug2,True,7,109.48055259346738,595.0,2.739231033303589,0.36741495964844223,1.0,0.8052734021268902
sudhin,79_aug3,True,7,110.95962243495183,617.0,2.733760937927193,0.35985420887999686,1.0,0.8176429598307025
sudhin,79_aug4,True,7,109.51865483141086,601.0,2.7200423808154484,0.37080515535929354,1.0,0.8430527901416388
sudhin,79_aug5,True,7,111.03952629816578,595.0,2.6365567136394032,0.36014215697578894,1.0,0.8276969277958134
sudhin,79_aug6,True,7,108.62373965057873,569.0,3.0394060713170443,0.3606000900902546,1.0,0.8530177418592687
sudhin,79_aug7,True,7,112.50044062726694,598.0,2.638248042148113,0.36064846442134524,1.0,0.8209676327197492
sudhin,79_aug8,True,7,115.39607369164787,606.0,2.30985802833219,0.3610923275476142,1.0,0.8411023795092468
sudhin,79_aug9,True,7,112.5299170314123,577.0,2.469591558415936,0.35959880581268583,1.0,0.7833220075202472
sudhin,79_aug10,True,8,111.20814655579439,588.0,2.754497449257304,0.3545126499006153,1.0,0.7978465591551193
sudhin,79_aug11,True,7,107.27974779385912,564.0,2.7581731180554896,0.37141506222308374,1.0,0.8346986241212823
